USE [OnlineCourseDemo02]
GO
INSERT [dbo].[AspNetRoles] ([Id], [Name], [NormalizedName], [ConcurrencyStamp]) VALUES (N'15bb9739-35ca-4ef7-b3a8-18682a8e840f', N'Student', N'STUDENT', NULL)
GO
INSERT [dbo].[AspNetRoles] ([Id], [Name], [NormalizedName], [ConcurrencyStamp]) VALUES (N'94d67c08-ff63-45d2-8209-67a27cf8bc91', N'Admin', N'ADMIN', NULL)
GO
INSERT [dbo].[AspNetRoles] ([Id], [Name], [NormalizedName], [ConcurrencyStamp]) VALUES (N'c1a25ea1-3f25-4551-934d-56f66d4ffdbc', N'Instructor', N'INSTRUCTOR', NULL)
GO
INSERT [dbo].[AspNetUsers] ([Id], [UserName], [NormalizedUserName], [Email], [NormalizedEmail], [EmailConfirmed], [PasswordHash], [SecurityStamp], [ConcurrencyStamp], [PhoneNumber], [PhoneNumberConfirmed], [TwoFactorEnabled], [LockoutEnd], [LockoutEnabled], [AccessFailedCount]) VALUES (N'1cd0509b-1d3d-4de5-9256-72215d97052c', N'fawzyfathi6@gmail.com', N'FAWZYFATHI6@GMAIL.COM', N'fawzyfathi6@gmail.com', N'FAWZYFATHI6@GMAIL.COM', 1, N'AQAAAAIAAYagAAAAECCROkmm0tJ0t3jE+IStzQQSZb/YxL53etidm3OLlkAT/LKutHH3mE7h38PAw9D76g==', N'WN3S4NATN45IHT2F7G26S2UFTLTTF4YV', N'7a1fce32-992e-4274-b078-5b6365db3496', NULL, 0, 0, NULL, 1, 0)
GO
INSERT [dbo].[AspNetUsers] ([Id], [UserName], [NormalizedUserName], [Email], [NormalizedEmail], [EmailConfirmed], [PasswordHash], [SecurityStamp], [ConcurrencyStamp], [PhoneNumber], [PhoneNumberConfirmed], [TwoFactorEnabled], [LockoutEnd], [LockoutEnabled], [AccessFailedCount]) VALUES (N'2070c43d-7ac0-454b-990d-7048906cc7d7', N'mostafa12@gmail.com', N'MOSTAFA12@GMAIL.COM', N'mostafa12@gmail.com', N'MOSTAFA12@GMAIL.COM', 1, N'AQAAAAIAAYagAAAAEAK7SnIkr81fafkpQfvBjAFCo60vHquD55gIDXNJKQ5HlxnSlQogAxIrDu7iH3lg8A==', N'6GZWZRE347UTV5Z7OUDTG6BWMOTHLZYD', N'1a138d65-21ba-441b-b64a-3bca4b3a5874', NULL, 0, 0, NULL, 1, 0)
GO
INSERT [dbo].[AspNetUsers] ([Id], [UserName], [NormalizedUserName], [Email], [NormalizedEmail], [EmailConfirmed], [PasswordHash], [SecurityStamp], [ConcurrencyStamp], [PhoneNumber], [PhoneNumberConfirmed], [TwoFactorEnabled], [LockoutEnd], [LockoutEnabled], [AccessFailedCount]) VALUES (N'3b3182bd-e129-441b-a16c-b94d56d854cd', N'studentTest@mail.com', N'STUDENTTEST@MAIL.COM', N'studentTest@mail.com', N'STUDENTTEST@MAIL.COM', 1, N'AQAAAAIAAYagAAAAELAjhBWLe3f+B07JSWcVYx1E7B3CGl94+EKUJe5iQQ76GLR0OdBeBJHcLH9iM8YrFw==', N'CQ46E4ULPYHWTHH7O5WTKJYQ2BBEQMRR', N'f3cac6a6-0b17-4c81-8f5d-874560c9458e', NULL, 0, 0, NULL, 1, 0)
GO
INSERT [dbo].[AspNetUsers] ([Id], [UserName], [NormalizedUserName], [Email], [NormalizedEmail], [EmailConfirmed], [PasswordHash], [SecurityStamp], [ConcurrencyStamp], [PhoneNumber], [PhoneNumberConfirmed], [TwoFactorEnabled], [LockoutEnd], [LockoutEnabled], [AccessFailedCount]) VALUES (N'431741fe-9575-4a11-b1cb-a914b1e3485e', N'zero@gmail.com', N'ZERO@GMAIL.COM', N'zero@gmail.com', N'ZERO@GMAIL.COM', 1, N'AQAAAAIAAYagAAAAEJUFjfSiRqpUBZSFLsZ02GC5j39udl/9xEYOp2fC0RVQor0zQfHS3HgxsSzX+A4YaA==', N'Z7B5Q5KOWNMVYV35JGGDXZ6BS2D7GK73', N'ef2dc5ef-000c-412e-bc8a-e07e24c47b5e', NULL, 0, 0, NULL, 1, 0)
GO
INSERT [dbo].[AspNetUsers] ([Id], [UserName], [NormalizedUserName], [Email], [NormalizedEmail], [EmailConfirmed], [PasswordHash], [SecurityStamp], [ConcurrencyStamp], [PhoneNumber], [PhoneNumberConfirmed], [TwoFactorEnabled], [LockoutEnd], [LockoutEnabled], [AccessFailedCount]) VALUES (N'48905e1c-3591-4a1b-9d1a-42f5be0dfe63', N'Khaled12@gmail.com', N'KHALED12@GMAIL.COM', N'Khaled12@gmail.com', N'KHALED12@GMAIL.COM', 1, N'AQAAAAIAAYagAAAAEG/Bk77vP5OThPFHtLCClrhvqG12lkhinUKcK9lD+72BBiZI0bDP0eZSMl2KRGlLAQ==', N'MQ3LXWASQBBW5PTLFGX7ZKV5GFF4JA25', N'f136b32a-5695-40cf-a830-9cfc2c96e753', NULL, 0, 0, NULL, 1, 0)
GO
INSERT [dbo].[AspNetUsers] ([Id], [UserName], [NormalizedUserName], [Email], [NormalizedEmail], [EmailConfirmed], [PasswordHash], [SecurityStamp], [ConcurrencyStamp], [PhoneNumber], [PhoneNumberConfirmed], [TwoFactorEnabled], [LockoutEnd], [LockoutEnabled], [AccessFailedCount]) VALUES (N'5aceafb4-322d-491a-baa5-972e4d2404e0', N'mohamed12@gmail.com', N'MOHAMED12@GMAIL.COM', N'mohamed12@gmail.com', N'MOHAMED12@GMAIL.COM', 1, N'AQAAAAIAAYagAAAAEIBBCUOsuKA0weviobbwla5ejuYJMnFPwDnuT/NnYinlqywdHmqTHq2PLmDf1RLlvA==', N'WNTF3FAEQFTNCI5S47MWECTK3AW6KCXM', N'da5cc896-fad2-4ce9-9c0e-b3ff13b62c7c', NULL, 0, 0, NULL, 1, 0)
GO
INSERT [dbo].[AspNetUsers] ([Id], [UserName], [NormalizedUserName], [Email], [NormalizedEmail], [EmailConfirmed], [PasswordHash], [SecurityStamp], [ConcurrencyStamp], [PhoneNumber], [PhoneNumberConfirmed], [TwoFactorEnabled], [LockoutEnd], [LockoutEnabled], [AccessFailedCount]) VALUES (N'67cc1646-fe06-42a0-97aa-25a7d7f3993c', N'InsturctorTest@mail.com', N'INSTURCTORTEST@MAIL.COM', N'InsturctorTest@mail.com', N'INSTURCTORTEST@MAIL.COM', 1, N'AQAAAAIAAYagAAAAENAap1E8LMEHbaMNMjRMlTBeqA8fNlDN/EYUx9bgbi+HtbVhrRbx0Q3i570WooFHDQ==', N'CCE67PENFGCDHSVRBP6RPT7VVQR4DD2N', N'3de65ad8-1676-48df-bff1-0ebfeefd5bb1', NULL, 0, 0, NULL, 1, 0)
GO
INSERT [dbo].[AspNetUsers] ([Id], [UserName], [NormalizedUserName], [Email], [NormalizedEmail], [EmailConfirmed], [PasswordHash], [SecurityStamp], [ConcurrencyStamp], [PhoneNumber], [PhoneNumberConfirmed], [TwoFactorEnabled], [LockoutEnd], [LockoutEnabled], [AccessFailedCount]) VALUES (N'7252eb45-a283-4c32-88ff-669c4a95878b', N'student@mail.com', N'STUDENT@MAIL.COM', N'student@mail.com', N'STUDENT@MAIL.COM', 1, N'AQAAAAIAAYagAAAAEE/qEsaTT5y5b+g1u7TCXHBlo4BqbYzBtTngRC9632YXXKqcEOtvFdTXhbxOEQ67Pg==', N'OIZPFUGGZBIQRL5UFGLLQVHRNGTSXUN7', N'02f387ac-a41d-4125-8fd9-b55cc81ceb15', NULL, 0, 0, NULL, 1, 0)
GO
INSERT [dbo].[AspNetUsers] ([Id], [UserName], [NormalizedUserName], [Email], [NormalizedEmail], [EmailConfirmed], [PasswordHash], [SecurityStamp], [ConcurrencyStamp], [PhoneNumber], [PhoneNumberConfirmed], [TwoFactorEnabled], [LockoutEnd], [LockoutEnabled], [AccessFailedCount]) VALUES (N'7e7ae501-4db3-4235-9cd5-95b70b194bb7', N'ibrahim@gamil.com', N'IBRAHIM@GAMIL.COM', N'ibrahim@gamil.com', N'IBRAHIM@GAMIL.COM', 1, N'AQAAAAIAAYagAAAAEB3hxsjQTM4dNdWn9yibfhvuKY6k1uaYV48kfyapJhf39l+2APIsNUzzBvHBF56pww==', N'IKRVDBONGQ4RI2GDLZ4T2KZ7XW65SFJ3', N'ccbb0663-298f-4341-9228-81d9d24976ca', NULL, 0, 0, NULL, 1, 0)
GO
INSERT [dbo].[AspNetUsers] ([Id], [UserName], [NormalizedUserName], [Email], [NormalizedEmail], [EmailConfirmed], [PasswordHash], [SecurityStamp], [ConcurrencyStamp], [PhoneNumber], [PhoneNumberConfirmed], [TwoFactorEnabled], [LockoutEnd], [LockoutEnabled], [AccessFailedCount]) VALUES (N'8936257e-d680-45d8-9991-c01137c99a2f', N'shrouk123@gmail.com', N'SHROUK123@GMAIL.COM', N'shrouk123@gmail.com', N'SHROUK123@GMAIL.COM', 1, N'AQAAAAIAAYagAAAAEBcK5Kg8hnvyfqDvSKR12timOv0rMxljG0NFpLmL4xgBQVbw8xin4u/Yc0D9KqpdaA==', N'G3V3FOWETJZWLHFHV5UVQ5YIGAKRFVB6', N'b6ba53bf-5d38-47a6-ab78-7b36aa45035e', NULL, 0, 0, NULL, 1, 0)
GO
INSERT [dbo].[AspNetUsers] ([Id], [UserName], [NormalizedUserName], [Email], [NormalizedEmail], [EmailConfirmed], [PasswordHash], [SecurityStamp], [ConcurrencyStamp], [PhoneNumber], [PhoneNumberConfirmed], [TwoFactorEnabled], [LockoutEnd], [LockoutEnabled], [AccessFailedCount]) VALUES (N'9ae29319-f57c-4413-91be-4cb23d9d2c90', N'fawzyfathi6xx@gmail.com', N'FAWZYFATHI6XX@GMAIL.COM', N'fawzyfathi6xx@gmail.com', N'FAWZYFATHI6XX@GMAIL.COM', 1, N'AQAAAAIAAYagAAAAEED/8tZxJfl0VOzUWM92+HOMvbATj4It1H+QiLikfy8IxTie/mfrpua9ulacnNXjJQ==', N'6WH6GQS3PH6BQ72J3NBMVZO5MBWCSJM6', N'5dd4df50-ef18-43f3-9d2e-47d2e41512f7', NULL, 0, 0, NULL, 1, 0)
GO
INSERT [dbo].[AspNetUsers] ([Id], [UserName], [NormalizedUserName], [Email], [NormalizedEmail], [EmailConfirmed], [PasswordHash], [SecurityStamp], [ConcurrencyStamp], [PhoneNumber], [PhoneNumberConfirmed], [TwoFactorEnabled], [LockoutEnd], [LockoutEnabled], [AccessFailedCount]) VALUES (N'9b0d644f-7a6a-42f5-86ed-438fc4caf956', N'fawzyfathi6x@gmail.com', N'FAWZYFATHI6X@GMAIL.COM', N'fawzyfathi6x@gmail.com', N'FAWZYFATHI6X@GMAIL.COM', 1, N'AQAAAAIAAYagAAAAEGh8ji6ZGXVhiInbFJ7y2VPSNf/ddFTVzgVc+geJf/Yo/tWQUKHKHi6ie8A10r3JUw==', N'M3ATI6G7VULXEW4NPBDAQNORRBFRWIWS', N'713ed7f4-9220-4c29-8336-d9abba95836d', NULL, 0, 0, NULL, 1, 0)
GO
INSERT [dbo].[AspNetUsers] ([Id], [UserName], [NormalizedUserName], [Email], [NormalizedEmail], [EmailConfirmed], [PasswordHash], [SecurityStamp], [ConcurrencyStamp], [PhoneNumber], [PhoneNumberConfirmed], [TwoFactorEnabled], [LockoutEnd], [LockoutEnabled], [AccessFailedCount]) VALUES (N'bab1b7a6-8a43-405e-a203-e4cdf5eaf49e', N'mos12@gmial.com', N'MOS12@GMIAL.COM', N'mos12@gmial.com', N'MOS12@GMIAL.COM', 1, N'AQAAAAIAAYagAAAAEPks9bGs+mxj7+IWmRw6dzlVs2n6O8fJTwWrojjtmKyLDVXa9XpHIpWaLh3VMoT6Xg==', N'OFX4JWKP3D4P7FFENOF7GNEEGUB6NLX2', N'5f529674-2da2-48d6-9aaa-9f96ec4227ac', NULL, 0, 0, NULL, 1, 0)
GO
INSERT [dbo].[AspNetUsers] ([Id], [UserName], [NormalizedUserName], [Email], [NormalizedEmail], [EmailConfirmed], [PasswordHash], [SecurityStamp], [ConcurrencyStamp], [PhoneNumber], [PhoneNumberConfirmed], [TwoFactorEnabled], [LockoutEnd], [LockoutEnabled], [AccessFailedCount]) VALUES (N'bca951b3-f045-43ce-b486-9776ba196e6b', N'AdminTest@mail.com', N'ADMINTEST@MAIL.COM', N'AdminTest@mail.com', N'ADMINTEST@MAIL.COM', 1, N'AQAAAAIAAYagAAAAEMvjRTTBYoUkeU4G7OiMRuTqlUfRRd1lr251v/tNBEu1S5VYbaNhUunRtsD+Udf8OA==', N'G2PXJTA7CBL3BK4FTDC7IKF4TFCL7HD2', N'07337dc7-636c-44b1-86c3-50fe2c929ef5', NULL, 0, 0, NULL, 1, 0)
GO
INSERT [dbo].[AspNetUsers] ([Id], [UserName], [NormalizedUserName], [Email], [NormalizedEmail], [EmailConfirmed], [PasswordHash], [SecurityStamp], [ConcurrencyStamp], [PhoneNumber], [PhoneNumberConfirmed], [TwoFactorEnabled], [LockoutEnd], [LockoutEnabled], [AccessFailedCount]) VALUES (N'be0bb058-3935-4ac7-8fd5-a37c07baf669', N'studentTest2@mail.com', N'STUDENTTEST2@MAIL.COM', N'studentTest2@mail.com', N'STUDENTTEST2@MAIL.COM', 1, N'AQAAAAIAAYagAAAAEGn6kzkX4EG+zI1ONS3F2bufMhwjNDd5PWs+Bmx8wYOKD4qMTKAqV45K2SIFXajeuw==', N'FI6AYRSYVXGSGKHLNMDEVQKCDUDLDHAW', N'eb37989f-769b-4921-b7bd-8bdd35279bb0', NULL, 0, 0, NULL, 1, 0)
GO
INSERT [dbo].[AspNetUsers] ([Id], [UserName], [NormalizedUserName], [Email], [NormalizedEmail], [EmailConfirmed], [PasswordHash], [SecurityStamp], [ConcurrencyStamp], [PhoneNumber], [PhoneNumberConfirmed], [TwoFactorEnabled], [LockoutEnd], [LockoutEnabled], [AccessFailedCount]) VALUES (N'c0449593-acb0-4697-b90d-7703659d5068', N'Fawzy12@gmail.com', N'FAWZY12@GMAIL.COM', N'Fawzy12@gmail.com', N'FAWZY12@GMAIL.COM', 1, N'AQAAAAIAAYagAAAAELts8PjKVUq4akHpIGsng0385fjKww7SgkSNtXPs8hxyVItZGit77MKo5uF76I375A==', N'4DB4JF3ZSMGSCOWOV3NHTQCKNSTIDQHJ', N'91ba88d8-a5e0-4864-b4f3-5e2053fa84da', NULL, 0, 0, NULL, 1, 0)
GO
INSERT [dbo].[AspNetUsers] ([Id], [UserName], [NormalizedUserName], [Email], [NormalizedEmail], [EmailConfirmed], [PasswordHash], [SecurityStamp], [ConcurrencyStamp], [PhoneNumber], [PhoneNumberConfirmed], [TwoFactorEnabled], [LockoutEnd], [LockoutEnabled], [AccessFailedCount]) VALUES (N'ce912cb4-2a8e-4b88-863f-dda4a90f90fb', N'zero@mail.com', N'ZERO@MAIL.COM', N'zero@mail.com', N'ZERO@MAIL.COM', 1, N'AQAAAAIAAYagAAAAEDcFbHynkq6AyKPWpKnCFSWrWyNJt89AbSJHtueMUkb20i+9AQ8J5dFz0K0I9bbNiw==', N'3ERWA4PEQFZYLX6IHYMLZ7K2VHBWQIJ7', N'd20b35ac-3abe-4996-8ada-ee12646fa7b3', NULL, 0, 0, NULL, 1, 0)
GO
INSERT [dbo].[AspNetUsers] ([Id], [UserName], [NormalizedUserName], [Email], [NormalizedEmail], [EmailConfirmed], [PasswordHash], [SecurityStamp], [ConcurrencyStamp], [PhoneNumber], [PhoneNumberConfirmed], [TwoFactorEnabled], [LockoutEnd], [LockoutEnabled], [AccessFailedCount]) VALUES (N'e523ebe4-b959-440d-a1e7-92b8bbdbc039', N'lolo12@gmial.com', N'LOLO12@GMIAL.COM', N'lolo12@gmial.com', N'LOLO12@GMIAL.COM', 1, N'AQAAAAIAAYagAAAAEOgsKii0Q9ypXZLEmexOXX+NF71yQkShrGjYPlGCBshLGzlQFQ9O3D94d3inuzKCXg==', N'B5DWHUQ3KCPY3WPJ6DOMVFUC4ZYEPINR', N'53a84624-068c-4486-9c2a-9579952c42fb', NULL, 0, 0, NULL, 1, 0)
GO
INSERT [dbo].[AspNetUserRoles] ([UserId], [RoleId]) VALUES (N'3b3182bd-e129-441b-a16c-b94d56d854cd', N'15bb9739-35ca-4ef7-b3a8-18682a8e840f')
GO
INSERT [dbo].[AspNetUserRoles] ([UserId], [RoleId]) VALUES (N'48905e1c-3591-4a1b-9d1a-42f5be0dfe63', N'15bb9739-35ca-4ef7-b3a8-18682a8e840f')
GO
INSERT [dbo].[AspNetUserRoles] ([UserId], [RoleId]) VALUES (N'7252eb45-a283-4c32-88ff-669c4a95878b', N'15bb9739-35ca-4ef7-b3a8-18682a8e840f')
GO
INSERT [dbo].[AspNetUserRoles] ([UserId], [RoleId]) VALUES (N'7e7ae501-4db3-4235-9cd5-95b70b194bb7', N'15bb9739-35ca-4ef7-b3a8-18682a8e840f')
GO
INSERT [dbo].[AspNetUserRoles] ([UserId], [RoleId]) VALUES (N'8936257e-d680-45d8-9991-c01137c99a2f', N'15bb9739-35ca-4ef7-b3a8-18682a8e840f')
GO
INSERT [dbo].[AspNetUserRoles] ([UserId], [RoleId]) VALUES (N'be0bb058-3935-4ac7-8fd5-a37c07baf669', N'15bb9739-35ca-4ef7-b3a8-18682a8e840f')
GO
INSERT [dbo].[AspNetUserRoles] ([UserId], [RoleId]) VALUES (N'c0449593-acb0-4697-b90d-7703659d5068', N'15bb9739-35ca-4ef7-b3a8-18682a8e840f')
GO
INSERT [dbo].[AspNetUserRoles] ([UserId], [RoleId]) VALUES (N'e523ebe4-b959-440d-a1e7-92b8bbdbc039', N'15bb9739-35ca-4ef7-b3a8-18682a8e840f')
GO
INSERT [dbo].[AspNetUserRoles] ([UserId], [RoleId]) VALUES (N'bca951b3-f045-43ce-b486-9776ba196e6b', N'94d67c08-ff63-45d2-8209-67a27cf8bc91')
GO
INSERT [dbo].[AspNetUserRoles] ([UserId], [RoleId]) VALUES (N'2070c43d-7ac0-454b-990d-7048906cc7d7', N'c1a25ea1-3f25-4551-934d-56f66d4ffdbc')
GO
INSERT [dbo].[AspNetUserRoles] ([UserId], [RoleId]) VALUES (N'431741fe-9575-4a11-b1cb-a914b1e3485e', N'c1a25ea1-3f25-4551-934d-56f66d4ffdbc')
GO
INSERT [dbo].[AspNetUserRoles] ([UserId], [RoleId]) VALUES (N'5aceafb4-322d-491a-baa5-972e4d2404e0', N'c1a25ea1-3f25-4551-934d-56f66d4ffdbc')
GO
INSERT [dbo].[AspNetUserRoles] ([UserId], [RoleId]) VALUES (N'67cc1646-fe06-42a0-97aa-25a7d7f3993c', N'c1a25ea1-3f25-4551-934d-56f66d4ffdbc')
GO
INSERT [dbo].[AspNetUserRoles] ([UserId], [RoleId]) VALUES (N'bab1b7a6-8a43-405e-a203-e4cdf5eaf49e', N'c1a25ea1-3f25-4551-934d-56f66d4ffdbc')
GO
INSERT [dbo].[AspNetUserRoles] ([UserId], [RoleId]) VALUES (N'ce912cb4-2a8e-4b88-863f-dda4a90f90fb', N'c1a25ea1-3f25-4551-934d-56f66d4ffdbc')
GO
SET IDENTITY_INSERT [dbo].[Instructors] ON 
GO
INSERT [dbo].[Instructors] ([InstructorId], [Name], [Email], [About], [Image], [IdentityUserID], [AccountStatus]) VALUES (3, N'osama el zero', N'zero@mail.com', N'CS', NULL, N'ce912cb4-2a8e-4b88-863f-dda4a90f90fb', 0)
GO
INSERT [dbo].[Instructors] ([InstructorId], [Name], [Email], [About], [Image], [IdentityUserID], [AccountStatus]) VALUES (4, N'mostafa abdo', N'mostafa12@gmail.com', N'CS', NULL, N'2070c43d-7ac0-454b-990d-7048906cc7d7', 0)
GO
INSERT [dbo].[Instructors] ([InstructorId], [Name], [Email], [About], [Image], [IdentityUserID], [AccountStatus]) VALUES (5, N'Mohamed Fathi', N'mohamed12@gmail.com', N'CS', N'/image/Instructor/5.jpg', N'5aceafb4-322d-491a-baa5-972e4d2404e0', 0)
GO
INSERT [dbo].[Instructors] ([InstructorId], [Name], [Email], [About], [Image], [IdentityUserID], [AccountStatus]) VALUES (6, N'mostafa abdo', N'mos12@gmial.com', N'CS', NULL, N'bab1b7a6-8a43-405e-a203-e4cdf5eaf49e', 0)
GO
SET IDENTITY_INSERT [dbo].[Instructors] OFF
GO
SET IDENTITY_INSERT [dbo].[Students] ON 
GO
INSERT [dbo].[Students] ([StudentId], [Name], [Email], [Education], [Image], [IdentityUserID], [AccountStatus]) VALUES (8, N'ibrahim gaber', N'ibrahim@gamil.com', N'CS', NULL, N'7e7ae501-4db3-4235-9cd5-95b70b194bb7', 0)
GO
INSERT [dbo].[Students] ([StudentId], [Name], [Email], [Education], [Image], [IdentityUserID], [AccountStatus]) VALUES (9, N'student name', N'student@mail.com', N'CS', NULL, N'7252eb45-a283-4c32-88ff-669c4a95878b', 0)
GO
INSERT [dbo].[Students] ([StudentId], [Name], [Email], [Education], [Image], [IdentityUserID], [AccountStatus]) VALUES (10, N'Fawzy Fathi', N'Fawzy12@gmail.com', N'Cs ', NULL, N'c0449593-acb0-4697-b90d-7703659d5068', 0)
GO
INSERT [dbo].[Students] ([StudentId], [Name], [Email], [Education], [Image], [IdentityUserID], [AccountStatus]) VALUES (11, N'khaled  Emad ', N'Khaled12@gmail.com', N'CS', NULL, N'48905e1c-3591-4a1b-9d1a-42f5be0dfe63', 0)
GO
INSERT [dbo].[Students] ([StudentId], [Name], [Email], [Education], [Image], [IdentityUserID], [AccountStatus]) VALUES (12, N'lolo mohamed', N'lolo12@gmial.com', N'cs', NULL, N'e523ebe4-b959-440d-a1e7-92b8bbdbc039', 0)
GO
INSERT [dbo].[Students] ([StudentId], [Name], [Email], [Education], [Image], [IdentityUserID], [AccountStatus]) VALUES (13, N'shrouk ali', N'shrouk123@gmail.com', N'cs', NULL, N'8936257e-d680-45d8-9991-c01137c99a2f', 0)
GO
SET IDENTITY_INSERT [dbo].[Students] OFF
GO
SET IDENTITY_INSERT [dbo].[WebAdmins] ON 
GO
INSERT [dbo].[WebAdmins] ([ID], [Name], [Email], [IdentityUserID], [AccountStatus]) VALUES (1, N'Admin name', N'AdminTest@mail.com', N'bca951b3-f045-43ce-b486-9776ba196e6b', 0)
GO
SET IDENTITY_INSERT [dbo].[WebAdmins] OFF
GO
SET IDENTITY_INSERT [dbo].[Courses] ON 
GO
INSERT [dbo].[Courses] ([CourseId], [Name], [Type], [Description], [CourseStatus], [Image], [InstructorId]) VALUES (1, N'new course', 0, N'descreption', 0, N'image', 3)
GO
INSERT [dbo].[Courses] ([CourseId], [Name], [Type], [Description], [CourseStatus], [Image], [InstructorId]) VALUES (2, N'Python', 1, N'this is a basic programming course using Python', 0, N'img.jpg', 4)
GO
INSERT [dbo].[Courses] ([CourseId], [Name], [Type], [Description], [CourseStatus], [Image], [InstructorId]) VALUES (3, N'Machine learning', 1, N'This course is an introduction to machine learning.', 0, N'2.jpg', 4)
GO
INSERT [dbo].[Courses] ([CourseId], [Name], [Type], [Description], [CourseStatus], [Image], [InstructorId]) VALUES (4, N'Python', 1, N'this is Course Basic To Programing Using Python ', 1, N'/image/py.png', 5)
GO
INSERT [dbo].[Courses] ([CourseId], [Name], [Type], [Description], [CourseStatus], [Image], [InstructorId]) VALUES (5, N'Machine learning', 1, N'Introduction to Machine Learning with Python', 0, N'/image/ml.png', 5)
GO
INSERT [dbo].[Courses] ([CourseId], [Name], [Type], [Description], [CourseStatus], [Image], [InstructorId]) VALUES (6, N'Python', 1, N'this is Course Intro To Basic Programing Using Python ', 0, N'img.jpg', 6)
GO
INSERT [dbo].[Courses] ([CourseId], [Name], [Type], [Description], [CourseStatus], [Image], [InstructorId]) VALUES (7, N'AWS', 0, N'This is an introductory course on the cloud.', 1, N'/image/aws.png', 5)
GO
INSERT [dbo].[Courses] ([CourseId], [Name], [Type], [Description], [CourseStatus], [Image], [InstructorId]) VALUES (8, N'Data structure', 0, N'Advanced level of programming fundamentals', 1, N'/image/data.webp', 5)
GO
INSERT [dbo].[Courses] ([CourseId], [Name], [Type], [Description], [CourseStatus], [Image], [InstructorId]) VALUES (9, N'Git', 18, N'This is course about basic Git', 2, N'/image/git.png', 5)
GO
INSERT [dbo].[Courses] ([CourseId], [Name], [Type], [Description], [CourseStatus], [Image], [InstructorId]) VALUES (10, N'cpp', 0, N'cpp', 1, N'/image/cpp.png', 5)
GO
INSERT [dbo].[Courses] ([CourseId], [Name], [Type], [Description], [CourseStatus], [Image], [InstructorId]) VALUES (11, N'Linux ', 0, N'This is Course about basic Operating System with Linux', 1, N'/image/li.png', 5)
GO
INSERT [dbo].[Courses] ([CourseId], [Name], [Type], [Description], [CourseStatus], [Image], [InstructorId]) VALUES (12, N'Akgorithm', 0, N'Basic Programming ', 2, N'/image/al.jpg', 5)
GO
SET IDENTITY_INSERT [dbo].[Courses] OFF
GO
SET IDENTITY_INSERT [dbo].[Sections] ON 
GO
INSERT [dbo].[Sections] ([SectionId], [Title], [Link], [Number], [CourseId]) VALUES (1, N'new section', N'section link', 1, 1)
GO
INSERT [dbo].[Sections] ([SectionId], [Title], [Link], [Number], [CourseId]) VALUES (2, N'String indexing ', N'https://www.youtube.com/watch?v=7pXf1DUuaIo&list=PLZPZq0r_RZOOkUQbat8LyQii36cJf2SWT&index=13', 2, 2)
GO
INSERT [dbo].[Sections] ([SectionId], [Title], [Link], [Number], [CourseId]) VALUES (3, N'String methods ', N'https://www.youtube.com/watch?v=tb6EYiHtcXU&list=PLZPZq0r_RZOOkUQbat8LyQii36cJf2SWT&index=13', 1, 2)
GO
INSERT [dbo].[Sections] ([SectionId], [Title], [Link], [Number], [CourseId]) VALUES (5, N'Functions', N'https://www.youtube.com/watch?v=89cGQjB5R4M', 3, 2)
GO
INSERT [dbo].[Sections] ([SectionId], [Title], [Link], [Number], [CourseId]) VALUES (6, N'Functions', N'https://www.youtube.com/watch?v=89cGQjB5R4M', 1, 4)
GO
INSERT [dbo].[Sections] ([SectionId], [Title], [Link], [Number], [CourseId]) VALUES (7, N'String indexing ', N'https://www.youtube.com/watch?v=7pXf1DUuaIo&t=20s', 3, 4)
GO
INSERT [dbo].[Sections] ([SectionId], [Title], [Link], [Number], [CourseId]) VALUES (8, N'String methods', N'https://www.youtube.com/watch?v=tb6EYiHtcXU&t=2s', 2, 4)
GO
INSERT [dbo].[Sections] ([SectionId], [Title], [Link], [Number], [CourseId]) VALUES (11, N'Machine learning Part 1', N'https://www.youtube.com/watch?v=HRjdxozngys&list=PLPBnj6azlABbaGuOzR40nvlzPWAKMv_qA', 1, 5)
GO
INSERT [dbo].[Sections] ([SectionId], [Title], [Link], [Number], [CourseId]) VALUES (12, N'Machine learning Part 2', N'https://www.youtube.com/watch?v=OdEAVHzrZ6U&list=PLPBnj6azlABbaGuOzR40nvlzPWAKMv_qA&index=2', 2, 5)
GO
INSERT [dbo].[Sections] ([SectionId], [Title], [Link], [Number], [CourseId]) VALUES (13, N' Linear Regression with one variable Part 1', N'https://www.youtube.com/watch?v=_Z_an3IWGuA&list=PLPBnj6azlABbaGuOzR40nvlzPWAKMv_qA&index=3', 3, 5)
GO
INSERT [dbo].[Sections] ([SectionId], [Title], [Link], [Number], [CourseId]) VALUES (14, N' Linear Regression with one variable Part 2', N'https://www.youtube.com/watch?v=19l4MN2mwmQ&list=PLPBnj6azlABbaGuOzR40nvlzPWAKMv_qA&index=4', 4, 5)
GO
INSERT [dbo].[Sections] ([SectionId], [Title], [Link], [Number], [CourseId]) VALUES (15, N'Linear Regression with one variable Part 3', N'https://www.youtube.com/watch?v=n_9AWv0mpOM&list=PLPBnj6azlABbaGuOzR40nvlzPWAKMv_qA&index=5', 5, 5)
GO
INSERT [dbo].[Sections] ([SectionId], [Title], [Link], [Number], [CourseId]) VALUES (17, N'Intro Service 1 ', N'https://www.youtube.com/watch?v=Jm9aXmQaq-U&list=PLOoZRfEtk6kWSM_l9xMjDh-_MJXl03-pf&index=2', 1, 7)
GO
INSERT [dbo].[Sections] ([SectionId], [Title], [Link], [Number], [CourseId]) VALUES (18, N'Intro Service 2 ', N'https://www.youtube.com/watch?v=1P_hIfeVnhk&list=PLOoZRfEtk6kWSM_l9xMjDh-_MJXl03-pf&index=3', 2, 7)
GO
INSERT [dbo].[Sections] ([SectionId], [Title], [Link], [Number], [CourseId]) VALUES (19, N'Intro Service 3', N'https://www.youtube.com/watch?v=GoYBC45gER0&list=PLOoZRfEtk6kWSM_l9xMjDh-_MJXl03-pf&index=4', 3, 7)
GO
INSERT [dbo].[Sections] ([SectionId], [Title], [Link], [Number], [CourseId]) VALUES (20, N'Amazon VPC ', N'https://www.youtube.com/watch?v=EEmxiz0jP4w&list=PLOoZRfEtk6kWSM_l9xMjDh-_MJXl03-pf&index=5', 4, 7)
GO
INSERT [dbo].[Sections] ([SectionId], [Title], [Link], [Number], [CourseId]) VALUES (21, N'Amazon EC2 & EBS', N'https://www.youtube.com/watch?v=Hjkw-HPF9RE&list=PLOoZRfEtk6kWSM_l9xMjDh-_MJXl03-pf&index=6', 5, 7)
GO
INSERT [dbo].[Sections] ([SectionId], [Title], [Link], [Number], [CourseId]) VALUES (23, N'why Data Structures ?', N'https://www.youtube.com/watch?v=jGP19W5IObA&list=PL1DUmTEdeA6JlommmGP5wicYLxX5PVCQt', 1, 8)
GO
INSERT [dbo].[Sections] ([SectionId], [Title], [Link], [Number], [CourseId]) VALUES (24, N'Static & Dynamic memory Allocation - Part 1', N'https://www.youtube.com/watch?v=OlY_Fwfyk6s&list=PL1DUmTEdeA6JlommmGP5wicYLxX5PVCQt&index=2', 2, 8)
GO
INSERT [dbo].[Sections] ([SectionId], [Title], [Link], [Number], [CourseId]) VALUES (25, N'Static & Dynamic memory Allocation - Part 2', N'https://www.youtube.com/watch?v=XxniWLQEMMo&list=PL1DUmTEdeA6JlommmGP5wicYLxX5PVCQt&index=3', 3, 8)
GO
INSERT [dbo].[Sections] ([SectionId], [Title], [Link], [Number], [CourseId]) VALUES (26, N'Basic Data Structures - Classifications', N'https://www.youtube.com/watch?v=Ozm_OHViErY&list=PL1DUmTEdeA6JlommmGP5wicYLxX5PVCQt&index=4', 4, 8)
GO
INSERT [dbo].[Sections] ([SectionId], [Title], [Link], [Number], [CourseId]) VALUES (27, N'Array as a Data Structure - Part 1', N'https://www.youtube.com/watch?v=pASx8xQtIYY&list=PL1DUmTEdeA6JlommmGP5wicYLxX5PVCQt&index=5', 5, 8)
GO
INSERT [dbo].[Sections] ([SectionId], [Title], [Link], [Number], [CourseId]) VALUES (28, N'Array as a Data Structure - Part 2', N'https://www.youtube.com/watch?v=TU2S9P5CRUE&list=PL1DUmTEdeA6JlommmGP5wicYLxX5PVCQt&index=6', 6, 8)
GO
SET IDENTITY_INSERT [dbo].[Sections] OFF
GO
SET IDENTITY_INSERT [dbo].[StudentProgresses] ON 
GO
INSERT [dbo].[StudentProgresses] ([Id], [Status], [SectionId], [StudentId], [CourseId]) VALUES (1, 1, 1, 9, 1)
GO
INSERT [dbo].[StudentProgresses] ([Id], [Status], [SectionId], [StudentId], [CourseId]) VALUES (2, 1, 1, 10, 1)
GO
INSERT [dbo].[StudentProgresses] ([Id], [Status], [SectionId], [StudentId], [CourseId]) VALUES (3, 1, 2, 10, 2)
GO
INSERT [dbo].[StudentProgresses] ([Id], [Status], [SectionId], [StudentId], [CourseId]) VALUES (4, 1, 3, 10, 2)
GO
INSERT [dbo].[StudentProgresses] ([Id], [Status], [SectionId], [StudentId], [CourseId]) VALUES (5, 0, 2, 11, 2)
GO
INSERT [dbo].[StudentProgresses] ([Id], [Status], [SectionId], [StudentId], [CourseId]) VALUES (6, 1, 3, 11, 2)
GO
INSERT [dbo].[StudentProgresses] ([Id], [Status], [SectionId], [StudentId], [CourseId]) VALUES (7, 0, 5, 10, 2)
GO
INSERT [dbo].[StudentProgresses] ([Id], [Status], [SectionId], [StudentId], [CourseId]) VALUES (8, 0, 5, 11, 2)
GO
INSERT [dbo].[StudentProgresses] ([Id], [Status], [SectionId], [StudentId], [CourseId]) VALUES (9, 1, 6, 12, 4)
GO
INSERT [dbo].[StudentProgresses] ([Id], [Status], [SectionId], [StudentId], [CourseId]) VALUES (10, 0, 7, 12, 4)
GO
INSERT [dbo].[StudentProgresses] ([Id], [Status], [SectionId], [StudentId], [CourseId]) VALUES (11, 0, 8, 12, 4)
GO
INSERT [dbo].[StudentProgresses] ([Id], [Status], [SectionId], [StudentId], [CourseId]) VALUES (13, 1, 11, 10, 5)
GO
INSERT [dbo].[StudentProgresses] ([Id], [Status], [SectionId], [StudentId], [CourseId]) VALUES (14, 1, 12, 10, 5)
GO
INSERT [dbo].[StudentProgresses] ([Id], [Status], [SectionId], [StudentId], [CourseId]) VALUES (15, 1, 13, 10, 5)
GO
INSERT [dbo].[StudentProgresses] ([Id], [Status], [SectionId], [StudentId], [CourseId]) VALUES (16, 0, 14, 10, 5)
GO
INSERT [dbo].[StudentProgresses] ([Id], [Status], [SectionId], [StudentId], [CourseId]) VALUES (17, 0, 15, 10, 5)
GO
INSERT [dbo].[StudentProgresses] ([Id], [Status], [SectionId], [StudentId], [CourseId]) VALUES (19, 1, 11, 12, 5)
GO
INSERT [dbo].[StudentProgresses] ([Id], [Status], [SectionId], [StudentId], [CourseId]) VALUES (20, 0, 12, 12, 5)
GO
INSERT [dbo].[StudentProgresses] ([Id], [Status], [SectionId], [StudentId], [CourseId]) VALUES (21, 1, 13, 12, 5)
GO
INSERT [dbo].[StudentProgresses] ([Id], [Status], [SectionId], [StudentId], [CourseId]) VALUES (22, 0, 14, 12, 5)
GO
INSERT [dbo].[StudentProgresses] ([Id], [Status], [SectionId], [StudentId], [CourseId]) VALUES (23, 0, 15, 12, 5)
GO
INSERT [dbo].[StudentProgresses] ([Id], [Status], [SectionId], [StudentId], [CourseId]) VALUES (25, 1, 17, 13, 7)
GO
INSERT [dbo].[StudentProgresses] ([Id], [Status], [SectionId], [StudentId], [CourseId]) VALUES (26, 1, 18, 13, 7)
GO
INSERT [dbo].[StudentProgresses] ([Id], [Status], [SectionId], [StudentId], [CourseId]) VALUES (27, 0, 19, 13, 7)
GO
INSERT [dbo].[StudentProgresses] ([Id], [Status], [SectionId], [StudentId], [CourseId]) VALUES (28, 0, 20, 13, 7)
GO
INSERT [dbo].[StudentProgresses] ([Id], [Status], [SectionId], [StudentId], [CourseId]) VALUES (29, 0, 21, 13, 7)
GO
INSERT [dbo].[StudentProgresses] ([Id], [Status], [SectionId], [StudentId], [CourseId]) VALUES (30, 1, 17, 12, 7)
GO
INSERT [dbo].[StudentProgresses] ([Id], [Status], [SectionId], [StudentId], [CourseId]) VALUES (31, 0, 18, 12, 7)
GO
INSERT [dbo].[StudentProgresses] ([Id], [Status], [SectionId], [StudentId], [CourseId]) VALUES (32, 0, 19, 12, 7)
GO
INSERT [dbo].[StudentProgresses] ([Id], [Status], [SectionId], [StudentId], [CourseId]) VALUES (33, 0, 20, 12, 7)
GO
INSERT [dbo].[StudentProgresses] ([Id], [Status], [SectionId], [StudentId], [CourseId]) VALUES (34, 1, 21, 12, 7)
GO
INSERT [dbo].[StudentProgresses] ([Id], [Status], [SectionId], [StudentId], [CourseId]) VALUES (37, 1, 23, 10, 8)
GO
INSERT [dbo].[StudentProgresses] ([Id], [Status], [SectionId], [StudentId], [CourseId]) VALUES (38, 1, 24, 10, 8)
GO
INSERT [dbo].[StudentProgresses] ([Id], [Status], [SectionId], [StudentId], [CourseId]) VALUES (39, 1, 25, 10, 8)
GO
INSERT [dbo].[StudentProgresses] ([Id], [Status], [SectionId], [StudentId], [CourseId]) VALUES (40, 1, 26, 10, 8)
GO
INSERT [dbo].[StudentProgresses] ([Id], [Status], [SectionId], [StudentId], [CourseId]) VALUES (41, 1, 27, 10, 8)
GO
INSERT [dbo].[StudentProgresses] ([Id], [Status], [SectionId], [StudentId], [CourseId]) VALUES (42, 1, 28, 10, 8)
GO
INSERT [dbo].[StudentProgresses] ([Id], [Status], [SectionId], [StudentId], [CourseId]) VALUES (47, 0, 23, 12, 8)
GO
INSERT [dbo].[StudentProgresses] ([Id], [Status], [SectionId], [StudentId], [CourseId]) VALUES (48, 0, 24, 12, 8)
GO
INSERT [dbo].[StudentProgresses] ([Id], [Status], [SectionId], [StudentId], [CourseId]) VALUES (49, 0, 25, 12, 8)
GO
INSERT [dbo].[StudentProgresses] ([Id], [Status], [SectionId], [StudentId], [CourseId]) VALUES (50, 0, 26, 12, 8)
GO
INSERT [dbo].[StudentProgresses] ([Id], [Status], [SectionId], [StudentId], [CourseId]) VALUES (51, 0, 27, 12, 8)
GO
INSERT [dbo].[StudentProgresses] ([Id], [Status], [SectionId], [StudentId], [CourseId]) VALUES (52, 0, 28, 12, 8)
GO
INSERT [dbo].[StudentProgresses] ([Id], [Status], [SectionId], [StudentId], [CourseId]) VALUES (61, 0, 17, 10, 7)
GO
INSERT [dbo].[StudentProgresses] ([Id], [Status], [SectionId], [StudentId], [CourseId]) VALUES (62, 0, 18, 10, 7)
GO
INSERT [dbo].[StudentProgresses] ([Id], [Status], [SectionId], [StudentId], [CourseId]) VALUES (63, 0, 19, 10, 7)
GO
INSERT [dbo].[StudentProgresses] ([Id], [Status], [SectionId], [StudentId], [CourseId]) VALUES (64, 0, 20, 10, 7)
GO
INSERT [dbo].[StudentProgresses] ([Id], [Status], [SectionId], [StudentId], [CourseId]) VALUES (65, 0, 21, 10, 7)
GO
INSERT [dbo].[StudentProgresses] ([Id], [Status], [SectionId], [StudentId], [CourseId]) VALUES (66, 0, 6, 10, 4)
GO
INSERT [dbo].[StudentProgresses] ([Id], [Status], [SectionId], [StudentId], [CourseId]) VALUES (67, 0, 7, 10, 4)
GO
INSERT [dbo].[StudentProgresses] ([Id], [Status], [SectionId], [StudentId], [CourseId]) VALUES (68, 0, 8, 10, 4)
GO
SET IDENTITY_INSERT [dbo].[StudentProgresses] OFF
GO
INSERT [dbo].[CourseStudent] ([CoursesCourseId], [StudentsStudentId]) VALUES (1, 9)
GO
INSERT [dbo].[CourseStudent] ([CoursesCourseId], [StudentsStudentId]) VALUES (1, 10)
GO
INSERT [dbo].[CourseStudent] ([CoursesCourseId], [StudentsStudentId]) VALUES (2, 10)
GO
INSERT [dbo].[CourseStudent] ([CoursesCourseId], [StudentsStudentId]) VALUES (3, 10)
GO
INSERT [dbo].[CourseStudent] ([CoursesCourseId], [StudentsStudentId]) VALUES (4, 10)
GO
INSERT [dbo].[CourseStudent] ([CoursesCourseId], [StudentsStudentId]) VALUES (5, 10)
GO
INSERT [dbo].[CourseStudent] ([CoursesCourseId], [StudentsStudentId]) VALUES (7, 10)
GO
INSERT [dbo].[CourseStudent] ([CoursesCourseId], [StudentsStudentId]) VALUES (8, 10)
GO
INSERT [dbo].[CourseStudent] ([CoursesCourseId], [StudentsStudentId]) VALUES (9, 10)
GO
INSERT [dbo].[CourseStudent] ([CoursesCourseId], [StudentsStudentId]) VALUES (10, 10)
GO
INSERT [dbo].[CourseStudent] ([CoursesCourseId], [StudentsStudentId]) VALUES (2, 11)
GO
INSERT [dbo].[CourseStudent] ([CoursesCourseId], [StudentsStudentId]) VALUES (4, 12)
GO
INSERT [dbo].[CourseStudent] ([CoursesCourseId], [StudentsStudentId]) VALUES (5, 12)
GO
INSERT [dbo].[CourseStudent] ([CoursesCourseId], [StudentsStudentId]) VALUES (7, 12)
GO
INSERT [dbo].[CourseStudent] ([CoursesCourseId], [StudentsStudentId]) VALUES (8, 12)
GO
INSERT [dbo].[CourseStudent] ([CoursesCourseId], [StudentsStudentId]) VALUES (7, 13)
GO
